{"access_token": "ya29.a0ARrdaM_mTEUdjQ11EfGZ2gTS2Jv9_B_J4njep91H04szS0NSsJjsfI3BBMHTvUEs87LQqRd0NVla71EriDPLpGDEk-uoW1lEMA3Gb3rLsPksYuYi1NfMfdFtggZZKyYn2ynawJfi5k3WuCdZvmrnLid6kIHt", "client_id": "373307585646-p1kb1q10d97rc3no4afbmjlp1upmn56i.apps.googleusercontent.com", "client_secret": "37fb2qJKvU-xSDeENF1TcL3w", "refresh_token": "1//0gV1K_f3MTnymCgYIARAAGBASNwF-L9IrUtFw_ULjt2r_KhgPT_GTZvDrR6tOWwsZ1S6NlH_ZH098Jgsq2DknOZwAMSTQZuXS1aM", "token_expiry": "2021-07-26T18:01:31Z", "token_uri": "https://accounts.google.com/o/oauth2/token", "user_agent": null, "revoke_uri": "https://oauth2.googleapis.com/revoke", "id_token": null, "id_token_jwt": null, "token_response": {"access_token": "ya29.a0ARrdaM_mTEUdjQ11EfGZ2gTS2Jv9_B_J4njep91H04szS0NSsJjsfI3BBMHTvUEs87LQqRd0NVla71EriDPLpGDEk-uoW1lEMA3Gb3rLsPksYuYi1NfMfdFtggZZKyYn2ynawJfi5k3WuCdZvmrnLid6kIHt", "expires_in": 3599, "refresh_token": "1//0gV1K_f3MTnymCgYIARAAGBASNwF-L9IrUtFw_ULjt2r_KhgPT_GTZvDrR6tOWwsZ1S6NlH_ZH098Jgsq2DknOZwAMSTQZuXS1aM", "scope": "https://www.googleapis.com/auth/drive.install https://www.googleapis.com/auth/drive.file", "token_type": "Bearer"}, "scopes": ["https://www.googleapis.com/auth/drive.file", "https://www.googleapis.com/auth/drive.install"], "token_info_uri": "https://oauth2.googleapis.com/tokeninfo", "invalid": false, "_class": "OAuth2Credentials", "_module": "oauth2client.client"}